nome,cognome,codice_fiscale,data_nascita,email,telefono
Mario,Rossi,RSSMRA85M01H501Z,1985-08-01,mario.rossi@email.it,3401234567
Laura,Bianchi,BNCLRA90A41F205W,1990-01-01,laura.bianchi@email.it,3487654321
Giuseppe,Verdi,VRDGPP75C15F205K,1975-03-15,,3339876543
Giovanni,Zanetti,ZNTGNN64P03D612M,1964-09-03,giovanni.zanetti@gmail.com,3668078673
Giovanni,Mancini,MNCGNN59M13D612R,1959-08-13,giovanni.mancini@email.it,3888038374
Claudio,Baresi,BRSCLD64T15B354D,1964-12-15,,3318090293
Chiara,Santoro,SNTCHR59D66H199G,1959-04-26,chiara.santoro@gmail.com,3405437923
Mauro,Ruggiero,RGGMRA51C14D548N,1951-03-14,mauro.ruggiero@fastwebnet.it,3404226067
Luigi,Fontanella,FNTLGU60H11H199A,1960-06-11,luigi.fontanella@gmail.com,3358606962
Elena,Marini,MRNLNE71S55A944Q,1971-11-15,elena.marini@gmail.com,3495107245
Guido,Basile,BSLGDU64C20D548R,1964-03-20,guido.basile@fastwebnet.it,3244842788
Claudio,Piras,PRSCLD64A08F839Y,1964-01-08,claudio.piras@tiscali.it,3779375710
Arianna,Galli,GLLRNN81C41G273E,1981-03-01,arianna.galli@outlook.it,3358187926
Federica,Gentile,GNTFRC52E69L049P,1952-05-29,federica.gentile@email.it,3318082668
Nicola,Basile,BSLNCL93H17L424L,1993-06-17,nicola.basile@fastwebnet.it,3805476583
Sofia,Fabbri,FBBSFO79A42D969Q,1979-01-02,sofia.fabbri@yahoo.it,3286007072
Stefano,Marini,MRNSFN54H29G999F,1954-06-29,,3481009594
Greta,Ferrari,FRRGRT50A53D548G,1950-01-13,greta.ferrari@yahoo.it,3662321324
Pietro,Gallo,GLLPTR87R16H199H,1987-10-16,pietro.gallo@virgilio.it,3488099076
Matteo,Trevisan,TRVMTT67T19F158R,1967-12-19,,3777264956
Federica,Negri,NGRFRC80L43L219R,1980-07-03,federica.negri@gmail.com,3494860684
Mario,Conti,CNTMRA03L03H224M,2003-07-03,mario.conti@gmail.com,3484993055
Eleonora,Sorrentino,SRRLNR59C62G999Y,1959-03-22,eleonora.sorrentino@tiscali.it,3477829332
Franco,Costa,CSTFNC99B13G224U,1999-02-13,franco.costa@icloud.com,3772651177
Vito,Visentin,VSNVTI70H10B354T,1970-06-10,,3344214348
Claudio,Barbieri,BRBCLD77S06D969Y,1977-11-06,claudio.barbieri@outlook.it,3281848731
Carlo,Vitale,VTLCRL54T02G224I,1954-12-02,carlo.vitale@outlook.it,3421036161
Rita,Silvestri,SLVRTI65M44G224P,1965-08-04,rita.silvestri@fastwebnet.it,3335977931
Angelo,Cattaneo,CTTNGL88M22F205W,1988-08-22,angelo.cattaneo@email.it,3489910817
Angelo,Grassi,GRSNGL47C10H294G,1947-03-10,angelo.grassi@tiscali.it,3423011363
Luigi,Brambilla,BRMLGU47E10G224A,1947-05-10,luigi.brambilla@tiscali.it,3336271130
Edoardo,Donati,DNTDRD51P28H223D,1951-09-28,edoardo.donati@virgilio.it,3462677407
Federico,Orlando,RLNFRC63R17G273T,1963-10-17,,3275098412
Silvia,Mariani,MRNSLV79D64D643T,1979-04-24,silvia.mariani@yahoo.it,3206022741
Giorgio,Marchetti,MRCGRG50E10H703L,1950-05-10,giorgio.marchetti@fastwebnet.it,3704533779
Carmela,Mazza,MZZCML96S64H294Z,1996-11-24,carmela.mazza@virgilio.it,3778106422
Anna,Rossi,RSSNNA69T43H199B,1969-12-03,anna.rossi@yahoo.it,3888175395
Bruno,Conti,CNTBRN01T29H703U,2001-12-29,bruno.conti@email.it,3298210624
Luigi,Ferri,FRRLGU72P17H703Z,1972-09-17,,3247003042
Riccardo,Piazza,PZZRCR49C22L736K,1949-03-22,riccardo.piazza@icloud.com,3313970445
Maria,Caruso,CRSMRA69R60B354L,1969-10-20,,3805163555
Elena,Furlan,FRLLNE49P52F158Z,1949-09-12,,3474731818
Mauro,Palumbo,PLMMRA67E19D643E,1967-05-19,mauro.palumbo@outlook.it,3337685149
Chiara,Gallo,GLLCHR65A55L736V,1965-01-15,chiara.gallo@icloud.com,3202935113
Giulia,Cattaneo,CTTGLI63R65F205U,1963-10-25,giulia.cattaneo@icloud.com,3709580255
Nicola,Lombardi,LMBNCL57A19A662K,1957-01-19,nicola.lombardi@icloud.com,3804305700
Alice,Gallo,GLLLCA99M44D548Q,1999-08-04,alice.gallo@tim.it,3486188935
Valentina,Piras,PRSVNT02L60C351Q,2002-07-20,valentina.piras@outlook.it,3803919694
Elisa,Farina,FRNLSE40A54C351L,1940-01-14,elisa.farina@icloud.com,3398801207
Camilla,Vitali,VTLCLL59C44L049X,1959-03-04,camilla.vitali@libero.it,3486623525
Simone,Vitali,VTLSMN67S06D612Z,1967-11-06,simone.vitali@libero.it,3472221854
Beatrice,Poli,PLOBRC91M64A944V,1991-08-24,beatrice.poli@icloud.com,3291093026
Attilio,Gentile,GNTTTL55R12B354K,1955-10-12,,3488793853
Riccardo,Lombardo,LMBRCR80T13G273R,1980-12-13,riccardo.lombardo@fastwebnet.it,3469468772
Valeria,Farina,FRNVLR80A42H703W,1980-01-02,valeria.farina@virgilio.it,3775652512
Irene,Vitale,VTLRNI64M60L424X,1964-08-20,irene.vitale@yahoo.it,3392351868
Stefano,Martinelli,MRTSFN74E13G478Q,1974-05-13,stefano.martinelli@outlook.it,3398816912
Giuseppina,Leone,LNEGPP77P50F158I,1977-09-10,,3661327691
Emma,Rossi,RSSMME71L63C351R,1971-07-23,emma.rossi@icloud.com,3349191131
Leonardo,D'Amico,DMCLRD83L27H501H,1983-07-27,leonardo.damico@icloud.com,3299961107
Valerio,Baresi,BRSVLR90M19H223X,1990-08-19,valerio.baresi@icloud.com,3245364698
Valentina,Longo,LNGVNT80R56L781T,1980-10-16,valentina.longo@icloud.com,3278890439
Roberto,Palumbo,PLMRRT60B12H224Q,1960-02-12,roberto.palumbo@email.it,3331341919
Simone,Moretti,MRTSMN82H26H223S,1982-06-26,simone.moretti@outlook.it,3403815034
Massimo,Ferri,FRRMSM49P12G337E,1949-09-12,massimo.ferri@yahoo.it,3424327421
Riccardo,Giordano,GRDRCR02L19H199O,2002-07-19,riccardo.giordano@tiscali.it,3409937982
Eleonora,Marini,MRNLNR46C49L049D,1946-03-09,eleonora.marini@email.it,3457076506
Michela,Santoro,SNTMHL79A66D969W,1979-01-26,michela.santoro@yahoo.it,3468307727
Valentina,Serra,SRRVNT47R50A662X,1947-10-10,,3348796514
Martina,Esposito,SPSMTN84E46H294D,1984-05-06,martina.esposito@virgilio.it,3395691890
Barbara,Bianchi,BNCBBR86E47A944V,1986-05-07,barbara.bianchi@icloud.com,3888987516
Camilla,Ferrari,FRRCLL48E47C351M,1948-05-07,camilla.ferrari@outlook.it,3408939993
Alice,Baroni,BRNLCA89E58L781U,1989-05-18,alice.baroni@virgilio.it,3343024269
Claudio,Lombardo,LMBCLD88A28H199H,1988-01-28,claudio.lombardo@outlook.it,3899801946
Nicole,Costa,CSTNCL57E71C351M,1957-05-31,nicole.costa@libero.it,3295602180
Roberto,Farina,FRNRRT66C17G478X,1966-03-17,,3779235577
Giuseppe,Lombardi,LMBGPP65L05B157W,1965-07-05,giuseppe.lombardi@tim.it,3472914064
Vito,Sorrentino,SRRVTI46M24G337B,1946-08-24,vito.sorrentino@email.it,3382429098
Paolo,Rizzi,RZZPLA77E03F257R,1977-05-03,paolo.rizzi@tiscali.it,3468427625
Adele,Baresi,BRSDLA78H61C351U,1978-06-21,adele.baresi@email.it,3774540415
Eleonora,De Luca,DLCLNR54B42D612R,1954-02-02,eleonora.deluca@gmail.com,3468883823
Anna,Martinelli,MRTNNA65S45G478Q,1965-11-05,anna.martinelli@virgilio.it,3354318855
Sofia,Pellegrino,PLLSFO60C42H224L,1960-03-02,sofia.pellegrino@yahoo.it,3316160869
Camilla,Lombardo,LMBCLL82A58G478Q,1982-01-18,camilla.lombardo@icloud.com,3478344375
Luigi,D'Amico,DMCLGU05S24L781F,2005-11-24,luigi.damico@email.it,3661348050
Monica,Marino,MRNMNC55P59B157D,1955-09-19,monica.marino@virgilio.it,3459249789
Marcello,Palumbo,PLMMCL76M19L781D,1976-08-19,marcello.palumbo@gmail.com,3889312590
Eleonora,Piras,PRSLNR89E48F205H,1989-05-08,eleonora.piras@tim.it,3429633492
Guido,Valente,VLNGDU44S11A944E,1944-11-11,guido.valente@tiscali.it,3461865901
Leonardo,Farina,FRNLRD51R03D548K,1951-10-03,leonardo.farina@virgilio.it,3705014745
Daniele,Farina,FRNDNL41C24G999L,1941-03-24,daniele.farina@outlook.it,3773583206
Ludovica,Trevisan,TRVLVC66C48L049U,1966-03-08,ludovica.trevisan@icloud.com,3463426689
Paola,Pagani,PGNPLA85M46E625N,1985-08-06,,3275634662
Martina,Orlando,RLNMTN63T60D643Q,1963-12-20,martina.orlando@yahoo.it,3473493017
Cristina,De Santis,DSNCST70T58L781N,1970-12-18,cristina.desantis@fastwebnet.it,3335006492
Caterina,Valente,VLNCRN43T41L781A,1943-12-01,caterina.valente@icloud.com,3299310235
Michele,Orlando,RLNMHL92T12L781C,1992-12-12,,3462672884
Laura,Benedetti,BNDLRA52T46G224F,1952-12-06,,3292255409
Carla,Marchetti,MRCCRL70E56F257J,1970-05-16,carla.marchetti@gmail.com,3426312692
Adele,Pellegrino,PLLDLA43C62F257H,1943-03-22,adele.pellegrino@yahoo.it,3282686231
Elena,Sartori,SRTLNE66S52H703W,1966-11-12,elena.sartori@tim.it,3408225725
Riccardo,Carli,CRLRCR76T19G337B,1976-12-19,riccardo.carli@libero.it,3707418028
Dario,Cattaneo,CTTDRA52S02D612B,1952-11-02,dario.cattaneo@yahoo.it,3208805654
Serena,Pellegrino,PLLSRN54C44F839K,1954-03-04,serena.pellegrino@tim.it,3455195951
Margherita,Villa,VLLMGH57S54F158E,1957-11-14,,3284979651
Monica,Sanna,SNNMNC91L67C351M,1991-07-27,,3381368085
Chiara,Bianchi,BNCCHR90R49H294I,1990-10-09,chiara.bianchi@email.it,3346910964
Marco,Brambilla,BRMMRC62H26H223Z,1962-06-26,marco.brambilla@libero.it,3771661401
Carla,Amato,MTACRL42T69G337O,1942-12-29,carla.amato@libero.it,3897970985
Matteo,Moretti,MRTMTT88E23H703O,1988-05-23,,3489418719
Valeria,Rinaldi,RNLVLR63A60D548C,1963-01-20,valeria.rinaldi@virgilio.it,3462263313
Gabriele,Vitali,VTLGRL04T21H223W,2004-12-21,,3497136687
Valerio,Bianchi,BNCVLR63P22G999P,1963-09-22,valerio.bianchi@tim.it,3667392547
Giovanna,Vitali,VTLGNN60T62B157F,1960-12-22,giovanna.vitali@fastwebnet.it,3772060605
Noemi,Furlan,FRLNMO67B50H224A,1967-02-10,noemi.furlan@libero.it,3472948178
Simone,Ruggiero,RGGSMN52C03F158E,1952-03-03,simone.ruggiero@fastwebnet.it,3452661307
Cinzia,Valente,VLNCNZ65B44F205O,1965-02-04,cinzia.valente@outlook.it,3402666893
Cristina,Galli,GLLCST72C46F205Z,1972-03-06,cristina.galli@outlook.it,3804558545
Roberto,Gatti,GTTRRT61S07G273G,1961-11-07,roberto.gatti@outlook.it,3664623062
Enrico,Fontana,FNTNRC93H20H501X,1993-06-20,enrico.fontana@libero.it,3312844258
Michele,Bianchi,BNCMHL72B20B354Y,1972-02-20,michele.bianchi@tiscali.it,3351879109
Sergio,Carli,CRLSRG50C13E625O,1950-03-13,sergio.carli@virgilio.it,3288583392
Luigi,Visentin,VSNLGU99B10L049H,1999-02-10,luigi.visentin@email.it,3452811298
Michela,Amato,MTAMHL46M45H703D,1946-08-05,michela.amato@tiscali.it,3356455706
Claudia,Carli,CRLCLD66H56L424U,1966-06-16,claudia.carli@icloud.com,3774607488
Camilla,Martinelli,MRTCLL77B54L781K,1977-02-14,camilla.martinelli@icloud.com,3456243275
Federica,Santoro,SNTFRC01M53D548V,2001-08-13,federica.santoro@gmail.com,3287251976
Angelo,Baresi,BRSNGL90E20G999C,1990-05-20,angelo.baresi@gmail.com,3451863121
Claudia,Ferri,FRRCLD71L59L219D,1971-07-19,claudia.ferri@outlook.it,3342815603
Margherita,Rizzi,RZZMGH72T62L219Q,1972-12-22,margherita.rizzi@tiscali.it,3701440466
Maria,Ferrara,FRRMRA64L47G478N,1964-07-07,maria.ferrara@tim.it,3297724045
Aldo,Zanetti,ZNTLDA96R20H501W,1996-10-20,aldo.zanetti@fastwebnet.it,3466719285
Giacomo,Ferri,FRRGCM04P26L781S,2004-09-26,giacomo.ferri@tiscali.it,3293640899
Salvatore,Castelli,CSTSVT79R02H223O,1979-10-02,salvatore.castelli@tiscali.it,3339595744
Diego,D'Amico,DMCDGI49T12C351Y,1949-12-12,diego.damico@tiscali.it,3381761976
Valerio,Pagani,PGNVLR44S30H501Q,1944-11-30,valerio.pagani@outlook.it,3386504979
Mario,Testa,TSTMRA78M20D969H,1978-08-20,mario.testa@fastwebnet.it,3496941939
Valerio,Zanetti,ZNTVLR43R18G224Y,1943-10-18,valerio.zanetti@gmail.com,3667785090
Silvia,Rizzo,RZZSLV76E43H501G,1976-05-03,,3318719145
Angela,D'Amico,DMCNGL49H70D612A,1949-06-30,angela.damico@icloud.com,3386696087
Enrico,Rinaldi,RNLNRC46S07L049Z,1946-11-07,enrico.rinaldi@fastwebnet.it,3403477824
Domenico,Fontana,FNTDNC62T18A944U,1962-12-18,domenico.fontana@libero.it,3319289908
Antonella,Barone,BRNNNL91T67L424P,1991-12-27,antonella.barone@tiscali.it,3396303930
Renato,Gallo,GLLRNT82A25L424Y,1982-01-25,renato.gallo@yahoo.it,3482244712
Vittoria,Bernardi,BRNVTR43E57F205Z,1943-05-17,vittoria.bernardi@yahoo.it,3709507186
Vittoria,Cattaneo,CTTVTR89P63B354A,1989-09-23,vittoria.cattaneo@email.it,3336394323
Roberta,Santoro,SNTRRT45L60L424J,1945-07-20,roberta.santoro@tim.it,3773895058
Riccardo,Rossetti,RSSRCR79D10L424N,1979-04-10,riccardo.rossetti@tiscali.it,3387499771
Luisa,Pellegrini,PLLLSU00S67F257Z,2000-11-27,luisa.pellegrini@tim.it,3497485471
Rita,Benedetti,BNDRTI98S66D548E,1998-11-26,rita.benedetti@libero.it,3803372774
Sara,Locatelli,LCTSRA02M70H223S,2002-08-30,sara.locatelli@tiscali.it,3497319630
Stefania,Moretti,MRTSFN00B53G478R,2000-02-13,stefania.moretti@fastwebnet.it,3459531021
Maria,Monti,MNTMRA67P56D969F,1967-09-16,,3399158272
Gabriele,Barbieri,BRBGRL53S25F839D,1953-11-25,gabriele.barbieri@gmail.com,3246649968
Emanuele,Santoro,SNTMNL54L22D969F,1954-07-22,emanuele.santoro@tiscali.it,3457111929
Renato,Colombo,CLMRNT65L24H199G,1965-07-24,renato.colombo@virgilio.it,3388868776
Giacomo,Vitali,VTLGCM91C05L424X,1991-03-05,giacomo.vitali@yahoo.it,3453718884
Giorgio,Coppola,CPPGRG44P05H224R,1944-09-05,giorgio.coppola@tim.it,3285782563
Massimo,Castelli,CSTMSM80D23H703J,1980-04-23,massimo.castelli@icloud.com,3401447451
Giuseppina,Donati,DNTGPP85A53L736L,1985-01-13,giuseppina.donati@gmail.com,3392662338
Carla,Fontana,FNTCRL52E45F205V,1952-05-05,carla.fontana@virgilio.it,3461088100
Antonio,Coppola,CPPNTN59E07D643K,1959-05-07,antonio.coppola@tiscali.it,3384986941
Sofia,Greco,GRCSFO61E63G224M,1961-05-23,sofia.greco@tiscali.it,3479993490
Simone,Trevisan,TRVSMN52S17C351T,1952-11-17,simone.trevisan@tiscali.it,3454142605
Fabrizio,Gallo,GLLFRZ87C12G999G,1987-03-12,fabrizio.gallo@fastwebnet.it,3471730386
Nicole,Marini,MRNNCL62R43E625Y,1962-10-03,nicole.marini@gmail.com,3772739191
Francesca,Marino,MRNFNC71M50G999Z,1971-08-10,francesca.marino@libero.it,3474058117
Vincenzo,Trevisan,TRVVCN81A22F205B,1981-01-22,vincenzo.trevisan@email.it,3389646701
Stefania,Pellegrino,PLLSFN82H61A662C,1982-06-21,stefania.pellegrino@outlook.it,3776568772
Sofia,Marini,MRNSFO79C55H703Y,1979-03-15,sofia.marini@virgilio.it,3479347057
Ludovica,Negri,NGRLVC63T45B354Y,1963-12-05,ludovica.negri@icloud.com,3315928582
Giovanna,De Luca,DLCGNN69H42H223D,1969-06-02,giovanna.deluca@virgilio.it,3888447546
Camilla,Marino,MRNCLL05C56H294D,2005-03-16,,3708297090
Irene,Bruno,BRNRNI46P64H223G,1946-09-24,irene.bruno@tim.it,3203395441
Anna,Moretti,MRTNNA46A52D612C,1946-01-12,anna.moretti@tim.it,3243574265
Aurora,Marini,MRNRRA73E57L424G,1973-05-17,aurora.marini@tiscali.it,3426274512
Teresa,Rizzo,RZZTRS42D69E625Y,1942-04-29,teresa.rizzo@fastwebnet.it,3355366937
Carmela,Colombo,CLMCML65M54G478C,1965-08-14,,3474358435
Giorgio,Conti,CNTGRG80L21D969Y,1980-07-21,,3462472884
Eleonora,Palumbo,PLMLNR03M68F839T,2003-08-28,eleonora.palumbo@yahoo.it,3773920762
Roberta,Gentile,GNTRRT50S60A944W,1950-11-20,roberta.gentile@outlook.it,3497189302
Elisabetta,Farina,FRNLBT51M63F257B,1951-08-23,,3276189037
Michela,Benedetti,BNDMHL82T50L049I,1982-12-10,michela.benedetti@icloud.com,3392244282
Vittoria,Mazza,MZZVTR86E71L736X,1986-05-31,vittoria.mazza@fastwebnet.it,3298258130
Paolo,Negri,NGRPLA53P23C351R,1953-09-23,paolo.negri@tim.it,3485765539
Tommaso,Martini,MRTTMS96T21G999W,1996-12-21,tommaso.martini@yahoo.it,3483829240
Alessandro,Fontanella,FNTLSN96A09E625D,1996-01-09,,3391691125
Salvatore,Marino,MRNSVT97L19H199L,1997-07-19,salvatore.marino@outlook.it,3701508113
Arianna,Poli,PLORNN88T51C351F,1988-12-11,arianna.poli@yahoo.it,3425990112
Rosa,Sartori,SRTRSO45E57D969A,1945-05-17,rosa.sartori@virgilio.it,3703410360
Adele,Trevisan,TRVDLA68M64E625I,1968-08-24,,3407689354
Giacomo,Grassi,GRSGCM90E22L219M,1990-05-22,giacomo.grassi@virgilio.it,3343363534
Roberto,Fabbri,FBBRRT74H18H294Q,1974-06-18,roberto.fabbri@outlook.it,3896246485
Massimo,Testa,TSTMSM86C06L424C,1986-03-06,massimo.testa@yahoo.it,3429479950
Ginevra,Vitale,VTLGVR59D60G337F,1959-04-20,ginevra.vitale@email.it,3778895137
Cristina,Bianchi,BNCCST49M63G224S,1949-08-23,cristina.bianchi@yahoo.it,3401759041
Giuseppina,Barone,BRNGPP90E67A944S,1990-05-27,giuseppina.barone@yahoo.it,3465692934
Michele,Costa,CSTMHL75E04L736H,1975-05-04,michele.costa@tim.it,3339541658
Roberta,Marino,MRNRRT44A64F205V,1944-01-24,roberta.marino@tim.it,3299648751
Alberto,Colombo,CLMLRT68L29D969R,1968-07-29,alberto.colombo@tiscali.it,3399511333
Michela,Barone,BRNMHL66S63B157Q,1966-11-23,michela.barone@tim.it,3456161977
Marcello,Marchetti,MRCMCL98R25B354M,1998-10-25,,3664817541
Giancarlo,Rinaldi,RNLGCR87A12H224F,1987-01-12,giancarlo.rinaldi@icloud.com,3242843740
Antonio,Amato,MTANTN68B22G224A,1968-02-22,antonio.amato@outlook.it,3472044906
Lorenzo,Rizzi,RZZLNZ69B28H223W,1969-02-28,lorenzo.rizzi@icloud.com,3496743294
Serena,Benedetti,BNDSRN01A66H224C,2001-01-26,serena.benedetti@yahoo.it,3345680950
Caterina,Villa,VLLCRN65T45G478K,1965-12-05,caterina.villa@virgilio.it,3495587856
Sofia,Lombardi,LMBSFO00P53G999E,2000-09-13,sofia.lombardi@icloud.com,3245825636
Diego,Amato,MTADGI98S06A662Q,1998-11-06,diego.amato@outlook.it,3495557052
Domenico,Colombo,CLMDNC92M24D612F,1992-08-24,domenico.colombo@fastwebnet.it,3242681042
Martina,Trevisan,TRVMTN82E59L219S,1982-05-19,martina.trevisan@libero.it,3458980915
Marta,Martini,MRTMRT65R48L781T,1965-10-08,marta.martini@email.it,3664896008
Davide,Costantini,CSTDVD55R09D548J,1955-10-09,,3429311162
Alessio,Ricci,RCCLSS40R30C351N,1940-10-30,alessio.ricci@gmail.com,3779796605
Arianna,Barbieri,BRBRNN85C67L424U,1985-03-27,arianna.barbieri@gmail.com,3775316188
Giuseppe,Zanetti,ZNTGPP70C30B354S,1970-03-30,giuseppe.zanetti@outlook.it,3428175669
Angela,Piras,PRSNGL00A56L219B,2000-01-16,angela.piras@libero.it,3205375250
Teresa,Bernardi,BRNTRS63T54L781I,1963-12-14,teresa.bernardi@tiscali.it,3404964499
Paolo,Caputo,CPTPLA67L11D969B,1967-07-11,paolo.caputo@fastwebnet.it,3285949909
Cinzia,Gentile,GNTCNZ59M69G273Z,1959-08-29,cinzia.gentile@virgilio.it,3458899184
Riccardo,Mazza,MZZRCR93H14H294E,1993-06-14,riccardo.mazza@fastwebnet.it,3272882551
Matteo,Lombardi,LMBMTT88B23G273S,1988-02-23,matteo.lombardi@fastwebnet.it,3339201172
Claudio,Bruno,BRNCLD80P05G273C,1980-09-05,claudio.bruno@virgilio.it,3466170227
Valerio,Coppola,CPPVLR40D08E625E,1940-04-08,valerio.coppola@gmail.com,3882069713
Vincenzo,Fiore,FRIVCN42S05C351I,1942-11-05,vincenzo.fiore@libero.it,3457282411
Camilla,Basile,BSLCLL73P53F839S,1973-09-13,camilla.basile@fastwebnet.it,3283994290
Daniela,Moretti,MRTDNL05D59D612Q,2005-04-19,daniela.moretti@email.it,3898115687
Stefania,Martinelli,MRTSFN62C56L424K,1962-03-16,stefania.martinelli@yahoo.it,3808033690
Simone,Leone,LNESMN46A13L219H,1946-01-13,simone.leone@virgilio.it,3341742169
Camilla,Martinelli,MRTCLL88H43A944Z,1988-06-03,camilla.martinelli@email.it,3346350316
Teresa,Villa,VLLTRS52S47H223J,1952-11-07,teresa.villa@icloud.com,3493938247
Barbara,Testa,TSTBBR44C56L736S,1944-03-16,,3807394713
Veronica,Costantini,CSTVNC76M56G273K,1976-08-16,veronica.costantini@libero.it,3344780654
Margherita,Rossetti,RSSMGH52T53B354F,1952-12-13,margherita.rossetti@email.it,3499891787
Nicola,Serra,SRRNCL62S16A944P,1962-11-16,nicola.serra@gmail.com,3494195751
Leonardo,Basile,BSLLRD00H08F257J,2000-06-08,leonardo.basile@gmail.com,3494640933
Carmela,Gatti,GTTCML67C54D548D,1967-03-14,carmela.gatti@outlook.it,3344431161
Noemi,Vitale,VTLNMO89L52L781A,1989-07-12,noemi.vitale@icloud.com,3406174467
Federica,Grassi,GRSFRC84M51L424G,1984-08-11,federica.grassi@virgilio.it,3406249960
Anna,Barone,BRNNNA59S47E625D,1959-11-07,anna.barone@yahoo.it,3898005797
Lucia,Martini,MRTLCU69M45D612M,1969-08-05,lucia.martini@outlook.it,3806663388
Antonella,Sorrentino,SRRNNL04S69H224S,2004-11-29,antonella.sorrentino@virgilio.it,3299192588
Angelo,Carli,CRLNGL43A13D643L,1943-01-13,angelo.carli@email.it,3294882808
Stefano,Bianchi,BNCSFN59M16L049Z,1959-08-16,stefano.bianchi@email.it,3709106820
Maria,Rossi,RSSMRA87P70G999W,1987-09-30,maria.rossi@email.it,3381287605
Elisabetta,Caruso,CRSLBT49M47D548E,1949-08-07,elisabetta.caruso@libero.it,3485234874
Chiara,Donati,DNTCHR47B42L736L,1947-02-02,,3465080351
Fabio,Mazza,MZZFBA47C26H224C,1947-03-26,,3771531577
Vito,Basile,BSLVTI73S02G999D,1973-11-02,vito.basile@email.it,3478279795
Monica,Costa,CSTMNC87E60D548W,1987-05-20,monica.costa@outlook.it,3351781180
Filippo,Pellegrino,PLLFPP90L22H223Q,1990-07-22,filippo.pellegrino@tim.it,3297682298
Fabio,Mariani,MRNFBA90M05D612G,1990-08-05,fabio.mariani@icloud.com,3423347981
Diego,Greco,GRCDGI48R05G224T,1948-10-05,diego.greco@gmail.com,3707655572
Maria,Bernasconi,BRNMRA64L49B354X,1964-07-09,,3474827527
Barbara,Basile,BSLBBR78P68D969O,1978-09-28,barbara.basile@icloud.com,3342233237
Leonardo,Santoro,SNTLRD74B02G478Y,1974-02-02,leonardo.santoro@libero.it,3402787627
Mario,Ferri,FRRMRA79S25L736B,1979-11-25,mario.ferri@gmail.com,3458530347
Giovanna,Esposito,SPSGNN48A55L736E,1948-01-15,giovanna.esposito@tiscali.it,3205896386
Giorgia,De Luca,DLCGRG05A50H703J,2005-01-10,giorgia.deluca@outlook.it,3807387623
Giorgio,Castelli,CSTGRG67A06A662R,1967-01-06,giorgio.castelli@gmail.com,3456029008
Carla,Conti,CNTCRL72E65A662W,1972-05-25,,3899318184
Mauro,Giordano,GRDMRA52B26C351B,1952-02-26,mauro.giordano@icloud.com,3398385715
Alice,Locatelli,LCTLCA93D69G273P,1993-04-29,alice.locatelli@tiscali.it,3393980258
Ginevra,Guerra,GRRGVR66B63E625L,1966-02-23,ginevra.guerra@virgilio.it,3425702656
Federica,Rizzo,RZZFRC90M42A944X,1990-08-02,federica.rizzo@fastwebnet.it,3208744735
Renato,Fabbri,FBBRNT02B26F839I,2002-02-26,renato.fabbri@icloud.com,3776080688
Tommaso,Fontanella,FNTTMS53R29G478B,1953-10-29,tommaso.fontanella@icloud.com,3477724393
Cristina,Ricci,RCCCST72D43G478W,1972-04-03,,3492425760
Riccardo,Fontanella,FNTRCR99M19L736N,1999-08-19,riccardo.fontanella@tiscali.it,3807704473
Ginevra,D'Amico,DMCGVR49L43H501G,1949-07-03,ginevra.damico@outlook.it,3664708297
Federica,Donati,DNTFRC81L57H199C,1981-07-17,federica.donati@fastwebnet.it,3472754047
Beatrice,De Luca,DLCBRC50E71D643O,1950-05-31,,3296843985
Martina,Silvestri,SLVMTN58L63L049R,1958-07-23,martina.silvestri@virgilio.it,3466350413
Fabio,Marino,MRNFBA03R07L219X,2003-10-07,fabio.marino@tim.it,3315092180
Massimo,Gatti,GTTMSM90C24G224N,1990-03-24,,3347795568
Andrea,Bernasconi,BRNNDR98T20G224M,1998-12-20,andrea.bernasconi@tiscali.it,3457523581
Federico,Leone,LNEFRC64T20H199K,1964-12-20,federico.leone@gmail.com,3317136988
Paola,Silvestri,SLVPLA50C63A662F,1950-03-23,paola.silvestri@virgilio.it,3707520284
Simona,Rizzo,RZZSMN71C59L736S,1971-03-19,simona.rizzo@tiscali.it,3702421902
Claudio,Lombardo,LMBCLD61E27C351F,1961-05-27,claudio.lombardo@tim.it,3428016887
Nicola,Carbone,CRBNCL56M30B157L,1956-08-30,nicola.carbone@libero.it,3383353785
Claudio,Bernardi,BRNCLD95L27F205O,1995-07-27,,3209130388
Marco,Riva,RVIMRC90E19L049D,1990-05-19,marco.riva@icloud.com,3888446596
Elena,De Luca,DLCLNE90P61H501E,1990-09-21,elena.deluca@outlook.it,3345843084
Mauro,Barone,BRNMRA84H08G999R,1984-06-08,mauro.barone@tiscali.it,3401698108
Cristina,Longo,LNGCST78B61L219E,1978-02-21,cristina.longo@outlook.it,3356848151
Renato,Lombardo,LMBRNT61D04A944I,1961-04-04,renato.lombardo@tiscali.it,3778183451
Giorgio,Leone,LNEGRG58L26B354G,1958-07-26,giorgio.leone@tim.it,3493824903
Nicole,Rossetti,RSSNCL66D43C351Q,1966-04-03,nicole.rossetti@fastwebnet.it,3451994652
Adele,Locatelli,LCTDLA51E60G478U,1951-05-20,,3343453557
Valeria,Serra,SRRVLR00M71F158E,2000-08-31,valeria.serra@tiscali.it,3457294347
Rosa,Bernasconi,BRNRSO48E48F158C,1948-05-08,rosa.bernasconi@yahoo.it,3476491002
Carlo,Visentin,VSNCRL81B16H224Y,1981-02-16,carlo.visentin@tim.it,3338208215
Dario,Castelli,CSTDRA68T18D643E,1968-12-18,dario.castelli@fastwebnet.it,3476766993
Luigi,Costa,CSTLGU96C05B354U,1996-03-05,luigi.costa@email.it,3461011340
Paola,Sartori,SRTPLA51S41H703T,1951-11-01,paola.sartori@libero.it,3405200835
Giacomo,Piazza,PZZGCM98C20D969G,1998-03-20,giacomo.piazza@yahoo.it,3452530068
Mario,Longo,LNGMRA82R11F839A,1982-10-11,mario.longo@outlook.it,3201135267
Stefania,Lombardo,LMBSFN77S60G478O,1977-11-20,stefania.lombardo@gmail.com,3892718442
Claudio,Marini,MRNCLD66S05G273F,1966-11-05,claudio.marini@libero.it,3279900451
Alessandro,Amato,MTALSN71L04E625J,1971-07-04,alessandro.amato@libero.it,3464644760
Franco,Barbieri,BRBFNC51A18G337I,1951-01-18,franco.barbieri@tim.it,3345646746
Riccardo,Farina,FRNRCR93T01F257D,1993-12-01,riccardo.farina@yahoo.it,3384446807
Valerio,Fabbri,FBBVLR97T20F205U,1997-12-20,valerio.fabbri@outlook.it,3349381604
Giuseppe,Monti,MNTGPP68E23G273F,1968-05-23,giuseppe.monti@tiscali.it,3803898604
Ginevra,Conti,CNTGVR41H70G337D,1941-06-30,ginevra.conti@yahoo.it,3429499515
Irene,Trevisan,TRVRNI84T53H199Q,1984-12-13,irene.trevisan@icloud.com,3493561552
Angela,Ferri,FRRNGL47B42L049J,1947-02-02,,3299999133
Elisa,Baresi,BRSLSE96S66H199X,1996-11-26,elisa.baresi@gmail.com,3895003671
Riccardo,Mancini,MNCRCR78T24L219H,1978-12-24,riccardo.mancini@tiscali.it,3893946849
Giuseppe,Rossetti,RSSGPP52D23G478E,1952-04-23,giuseppe.rossetti@virgilio.it,3895349442
Giacomo,Moretti,MRTGCM64B10E625X,1964-02-10,,3206620552
Chiara,Carli,CRLCHR45P63A662O,1945-09-23,chiara.carli@tiscali.it,3469569497
Giuseppina,Testa,TSTGPP90S49D969X,1990-11-09,giuseppina.testa@yahoo.it,3802934976
Mario,Marino,MRNMRA41B06D612U,1941-02-06,mario.marino@tim.it,3248035849
Alberto,Serra,SRRLRT77E05D548E,1977-05-05,alberto.serra@yahoo.it,3289422849
Davide,Gentile,GNTDVD86D09F205E,1986-04-09,,3278802985
Luisa,Ferri,FRRLSU69E52F839Q,1969-05-12,luisa.ferri@email.it,3666098752
Guido,Marini,MRNGDU93A30B157K,1993-01-30,,3335112546
Mario,Valente,VLNMRA42B22D612Z,1942-02-22,mario.valente@email.it,3426159172
Lorenzo,Carli,CRLLNZ61E14G224J,1961-05-14,lorenzo.carli@email.it,3244883465
Veronica,Marini,MRNVNC81B56E625Q,1981-02-16,veronica.marini@gmail.com,3422255447
Cesare,Fontanella,FNTCSR51P23D612R,1951-09-23,cesare.fontanella@tim.it,3398596016
Caterina,Conti,CNTCRN58C49G273B,1958-03-09,caterina.conti@tiscali.it,3318542478
Valentina,Valente,VLNVNT50R71G999E,1950-10-31,valentina.valente@outlook.it,3353011815
Massimo,Mazza,MZZMSM67D17D643W,1967-04-17,massimo.mazza@tiscali.it,3292530298
Maurizio,Donati,DNTMRZ86A24F205J,1986-01-24,maurizio.donati@yahoo.it,3465191831
Guido,Giordano,GRDGDU52L16L219P,1952-07-16,guido.giordano@outlook.it,3402409947
Noemi,Conti,CNTNMO41T55F839L,1941-12-15,noemi.conti@virgilio.it,3281716325
Giuseppina,Rinaldi,RNLGPP91H67G224D,1991-06-27,giuseppina.rinaldi@icloud.com,3808158234
Maurizio,Longo,LNGMRZ56R15A662O,1956-10-15,maurizio.longo@libero.it,3705123584
Greta,Valente,VLNGRT89E67B157B,1989-05-27,greta.valente@yahoo.it,3339821696
Antonio,Basile,BSLNTN03T31L736Z,2003-12-31,antonio.basile@virgilio.it,3397515956
Giulia,Esposito,SPSGLI68M49F257Z,1968-08-09,giulia.esposito@yahoo.it,3404905100
Franco,Serra,SRRFNC98T06D612Q,1998-12-06,franco.serra@email.it,3426952633
Davide,Vitale,VTLDVD93B26L781W,1993-02-26,davide.vitale@tim.it,3403384080
Dario,Pellegrino,PLLDRA67P23D969K,1967-09-23,dario.pellegrino@gmail.com,3341334336
Laura,Gatti,GTTLRA95B44A944K,1995-02-04,laura.gatti@tim.it,3241367637
Aldo,Rizzo,RZZLDA87C20H294I,1987-03-20,aldo.rizzo@gmail.com,3662695038
Sara,Romano,RMNSRA52C69D969I,1952-03-29,sara.romano@icloud.com,3393922635
Caterina,Piazza,PZZCRN92S41D643M,1992-11-01,caterina.piazza@yahoo.it,3293981450
Valerio,Barone,BRNVLR42S27D969Q,1942-11-27,valerio.barone@tiscali.it,3289324603
Enrico,Baroni,BRNNRC46T24D612U,1946-12-24,enrico.baroni@tim.it,3886632941
Laura,Marchetti,MRCLRA58R63D612V,1958-10-23,laura.marchetti@tim.it,3247474950
Donatella,Costantini,CSTDTL54T43H703I,1954-12-03,donatella.costantini@icloud.com,3289044494
Massimo,Bernardi,BRNMSM46M12B354E,1946-08-12,massimo.bernardi@yahoo.it,3282244876
Elena,Basile,BSLLNE54H48E625S,1954-06-08,elena.basile@gmail.com,3471519979
Aurora,Locatelli,LCTRRA54R60F257F,1954-10-20,,3311898516
Enrico,Leone,LNENRC57A16G224E,1957-01-16,enrico.leone@fastwebnet.it,3384985398
Roberto,Donati,DNTRRT91D18G999C,1991-04-18,roberto.donati@libero.it,3452470159
Stefania,Fontanella,FNTSFN96A69F257P,1996-01-29,stefania.fontanella@gmail.com,3775895783
Marcello,Rizzo,RZZMCL67M31B354T,1967-08-31,marcello.rizzo@virgilio.it,3777501626
Giacomo,Basile,BSLGCM73B20D969P,1973-02-20,giacomo.basile@yahoo.it,3345505722
Stefano,Furlan,FRLSFN99S18L219W,1999-11-18,stefano.furlan@tim.it,3342023137
Stefania,Negri,NGRSFN77L62G999S,1977-07-22,stefania.negri@virgilio.it,3382324645
Federica,Trevisan,TRVFRC43B51L049G,1943-02-11,federica.trevisan@fastwebnet.it,3293017994
Giulia,Rinaldi,RNLGLI59A44B354X,1959-01-04,giulia.rinaldi@email.it,3454387643
Edoardo,Guerra,GRRDRD05C25D548P,2005-03-25,edoardo.guerra@gmail.com,3496471499
Daniela,Silvestri,SLVDNL41B49B354U,1941-02-09,daniela.silvestri@tiscali.it,3453510581
Franco,Giordano,GRDFNC90H25H199A,1990-06-25,franco.giordano@yahoo.it,3357426403
Monica,Sala,SLAMNC82H49F205O,1982-06-09,monica.sala@icloud.com,3807739741
Valerio,Gatti,GTTVLR01T12D612G,2001-12-12,valerio.gatti@virgilio.it,3396084418
Chiara,Sorrentino,SRRCHR02H56H223E,2002-06-16,chiara.sorrentino@outlook.it,3395520117
Claudia,Galli,GLLCLD48A44A944A,1948-01-04,claudia.galli@icloud.com,3401942977
Vincenzo,Ferri,FRRVCN03M29L049D,2003-08-29,vincenzo.ferri@fastwebnet.it,3334367636
Riccardo,Ricci,RCCRCR80T12F205M,1980-12-12,,3884340507
Federica,Caputo,CPTFRC85D65F158Y,1985-04-25,federica.caputo@gmail.com,3409200480
Giulia,Fiore,FRIGLI92M65G999C,1992-08-25,giulia.fiore@libero.it,3381460542
Giuseppina,Mariani,MRNGPP91E44H199E,1991-05-04,,3344776753
Leonardo,Locatelli,LCTLRD76P26L049S,1976-09-26,leonardo.locatelli@email.it,3311141997
Tommaso,Sala,SLATMS67E28G478Q,1967-05-28,,3775620085
Federica,Basile,BSLFRC71D54L424D,1971-04-14,federica.basile@virgilio.it,3707663113
Mario,Grassi,GRSMRA99H04D643T,1999-06-04,mario.grassi@fastwebnet.it,3386007595
Giancarlo,Gallo,GLLGCR70C03A662J,1970-03-03,giancarlo.gallo@yahoo.it,3384160157
Simone,Bruno,BRNSMN93R30F158V,1993-10-30,simone.bruno@libero.it,3475959422
Noemi,Costantini,CSTNMO76D58F158J,1976-04-18,noemi.costantini@tiscali.it,3394730635
Noemi,Piazza,PZZNMO72B69L049X,1972-02-29,noemi.piazza@libero.it,3382637507
Francesca,Zanetti,ZNTFNC63C56E625Y,1963-03-16,francesca.zanetti@libero.it,3274728795
Caterina,Baroni,BRNCRN67L60G224L,1967-07-20,caterina.baroni@tim.it,3388780612
Marcello,Greco,GRCMCL96S29G337E,1996-11-29,marcello.greco@tiscali.it,3483010177
Daniela,Villa,VLLDNL77A62F205O,1977-01-22,,3293304606
Gianluca,Valente,VLNGLC91A31H703G,1991-01-31,,3463402902
Adele,Trevisan,TRVDLA56C46H199Y,1956-03-06,adele.trevisan@tim.it,3771973306
Claudio,De Angelis,DNGCLD58R14H199Q,1958-10-14,claudio.deangelis@tiscali.it,3273171071
Irene,Carbone,CRBRNI76C50G224T,1976-03-10,,3421078335
Matteo,Visentin,VSNMTT73H21H501W,1973-06-21,,3484197346
Mario,Poli,PLOMRA05R24D612Q,2005-10-24,mario.poli@tim.it,3429444584
Elena,Gallo,GLLLNE44B47C351J,1944-02-07,,3469728991
Alice,Mazza,MZZLCA52A42L781N,1952-01-02,,3477027229
Alessandro,Piras,PRSLSN41P18D612V,1941-09-18,alessandro.piras@libero.it,3483835093
Fabrizio,Trevisan,TRVFRZ98E12B354P,1998-05-12,fabrizio.trevisan@yahoo.it,3241804641
Antonio,Greco,GRCNTN01S17L219R,2001-11-17,antonio.greco@icloud.com,3473569046
Giuseppe,Villa,VLLGPP77R04H223H,1977-10-04,giuseppe.villa@fastwebnet.it,3883301222
Valeria,Giordano,GRDVLR85S63E625I,1985-11-23,valeria.giordano@yahoo.it,3334351238
Valeria,Negri,NGRVLR58B43L736Y,1958-02-03,valeria.negri@yahoo.it,3474484526
Martina,Vitale,VTLMTN40C70H501K,1940-03-30,martina.vitale@gmail.com,3292511336
Franco,Coppola,CPPFNC97R21D612I,1997-10-21,franco.coppola@yahoo.it,3283931009
Alessio,Monti,MNTLSS00P18L781Q,2000-09-18,alessio.monti@gmail.com,3293860721
Alessia,Amato,MTALSS95R54A662X,1995-10-14,,3277251562
Giulia,Rizzo,RZZGLI75T55F158B,1975-12-15,,3357471232
Elisabetta,Costantini,CSTLBT98C58H703A,1998-03-18,elisabetta.costantini@gmail.com,3312740017
Noemi,Baresi,BRSNMO83D61B354B,1983-04-21,noemi.baresi@virgilio.it,3401483456
Giancarlo,Sorrentino,SRRGCR50B17H703X,1950-02-17,giancarlo.sorrentino@email.it,3391207369
Gianluca,Negri,NGRGLC86T06G478L,1986-12-06,gianluca.negri@gmail.com,3476800713
Lucia,Rizzi,RZZLCU94T66F205T,1994-12-26,lucia.rizzi@libero.it,3312256030
Valentina,Vitale,VTLVNT69P47A662L,1969-09-07,valentina.vitale@outlook.it,3424942645
Mauro,Amato,MTAMRA91E30L424U,1991-05-30,mauro.amato@virgilio.it,3471298116
Vito,Valente,VLNVTI43C20G999F,1943-03-20,vito.valente@gmail.com,3389528492
Mauro,Pellegrini,PLLMRA72M06D643P,1972-08-06,mauro.pellegrini@outlook.it,3708937865
Michela,Bernardi,BRNMHL50C65L219W,1950-03-25,michela.bernardi@outlook.it,3775898671
Veronica,Giordano,GRDVNC44B49H703V,1944-02-09,veronica.giordano@libero.it,3354287016
Paolo,Donati,DNTPLA59E05L424Y,1959-05-05,paolo.donati@outlook.it,3451780146
Claudio,Silvestri,SLVCLD99A27G337V,1999-01-27,,3299368955
Roberto,Farina,FRNRRT78R30D643E,1978-10-30,roberto.farina@fastwebnet.it,3313153888
Nicola,Fontanella,FNTNCL93S16F257X,1993-11-16,,3487453568
Nicole,Sala,SLANCL02B56H199J,2002-02-16,nicole.sala@icloud.com,3293318275
Claudia,Furlan,FRLCLD85T56C351L,1985-12-16,claudia.furlan@fastwebnet.it,3334370359
Alessio,Mazza,MZZLSS70T23D548E,1970-12-23,alessio.mazza@libero.it,3776408662
Maurizio,Rizzi,RZZMRZ83B04G337J,1983-02-04,maurizio.rizzi@icloud.com,3451214253
Giovanni,Basile,BSLGNN53A14F205H,1953-01-14,giovanni.basile@outlook.it,3805203716
Angelo,Sartori,SRTNGL66H24A944J,1966-06-24,angelo.sartori@email.it,3704763253
Teresa,Grassi,GRSTRS02H54C351H,2002-06-14,teresa.grassi@email.it,3806245463
Giuseppe,Baroni,BRNGPP62L19A944I,1962-07-19,giuseppe.baroni@virgilio.it,3404296204
Alessio,Bernardi,BRNLSS55T01H223B,1955-12-01,alessio.bernardi@libero.it,3421681729
Chiara,Rizzi,RZZCHR63P55G273A,1963-09-15,chiara.rizzi@yahoo.it,3883597208
Stefano,Romano,RMNSFN93L19F205B,1993-07-19,stefano.romano@tiscali.it,3667007679
Claudio,Carli,CRLCLD59P25D969W,1959-09-25,claudio.carli@fastwebnet.it,3497768215
Diego,Gentile,GNTDGI59B21H223J,1959-02-21,diego.gentile@tim.it,3488966781
Bruno,Piazza,PZZBRN71A15L424H,1971-01-15,bruno.piazza@tiscali.it,3806384429
Noemi,Rizzo,RZZNMO74M54A662Y,1974-08-14,noemi.rizzo@yahoo.it,3489535166
Greta,Marino,MRNGRT66M45H703T,1966-08-05,greta.marino@tim.it,3319945709
Vincenzo,Leone,LNEVCN00B20H224O,2000-02-20,vincenzo.leone@icloud.com,3888302077
Stefano,Esposito,SPSSFN81C13G478B,1981-03-13,stefano.esposito@gmail.com,3352181822
Edoardo,Valente,VLNDRD74R24L424W,1974-10-24,edoardo.valente@icloud.com,3802984841
Vincenzo,Baroni,BRNVCN92L15F205K,1992-07-15,vincenzo.baroni@gmail.com,3386055825
Christian,Amato,MTACRS74C21F158T,1974-03-21,christian.amato@email.it,3343288101
Carla,Pellegrino,PLLCRL66H58H224U,1966-06-18,carla.pellegrino@tim.it,3293067542
Mario,Lombardi,LMBMRA93L12F158V,1993-07-12,mario.lombardi@gmail.com,3337923193
Massimo,Ferrara,FRRMSM59R22F257N,1959-10-22,massimo.ferrara@outlook.it,3661912484
Marta,Farina,FRNMRT46L64C351H,1946-07-24,marta.farina@yahoo.it,3476550757
Francesca,Piazza,PZZFNC98R61D612P,1998-10-21,francesca.piazza@tiscali.it,3478560584
Cinzia,Fontanella,FNTCNZ67H44G478Y,1967-06-04,cinzia.fontanella@tiscali.it,3453829301
Claudio,Serra,SRRCLD59S15G478F,1959-11-15,claudio.serra@icloud.com,3806562703
Vittoria,Bernardi,BRNVTR72C48H199R,1972-03-08,vittoria.bernardi@fastwebnet.it,3702375290
Margherita,Barbieri,BRBMGH88D67A944M,1988-04-27,margherita.barbieri@gmail.com,3481523352
Luisa,Baresi,BRSLSU59B41D548H,1959-02-01,luisa.baresi@yahoo.it,3773493647
Elisa,Gentile,GNTLSE92S63E625V,1992-11-23,,3298796391
Valerio,Monti,MNTVLR85A19H501Y,1985-01-19,valerio.monti@tiscali.it,3298486336
Davide,Barone,BRNDVD90R05H223M,1990-10-05,,3299111841
Anna,Gentile,GNTNNA83R41D612D,1983-10-01,anna.gentile@tim.it,3339688672
Giorgia,Fiore,FRIGRG80R54H703L,1980-10-14,giorgia.fiore@tim.it,3355417710
Emanuele,Locatelli,LCTMNL73T16L736D,1973-12-16,emanuele.locatelli@gmail.com,3349663280
Alessia,Palumbo,PLMLSS83P45B354H,1983-09-05,alessia.palumbo@tiscali.it,3463778404
Pietro,Grassi,GRSPTR97P23A662A,1997-09-23,pietro.grassi@libero.it,3882985251
Sergio,Gatti,GTTSRG04M13L219T,2004-08-13,sergio.gatti@virgilio.it,3317893744
Riccardo,Marino,MRNRCR51H22G337J,1951-06-22,riccardo.marino@libero.it,3663463987
Alessandro,Marchetti,MRCLSN56B25L049R,1956-02-25,,3701312392
Aurora,De Luca,DLCRRA59H47L424J,1959-06-07,aurora.deluca@virgilio.it,3453394312
Edoardo,Rinaldi,RNLDRD04T20H223E,2004-12-20,edoardo.rinaldi@virgilio.it,3347345333
Francesca,Giordano,GRDFNC41H66A944S,1941-06-26,francesca.giordano@fastwebnet.it,3702615622
Marcello,Colombo,CLMMCL93R23F205W,1993-10-23,,3499444462
Carlo,De Santis,DSNCRL99B26G273I,1999-02-26,,3491020136
Daniela,Costantini,CSTDNL73C64H294L,1973-03-24,daniela.costantini@fastwebnet.it,3426880713
Attilio,Barbieri,BRBTTL62S01B157J,1962-11-01,attilio.barbieri@gmail.com,3455325249
Mario,Rossetti,RSSMRA40M21G337Q,1940-08-21,mario.rossetti@fastwebnet.it,3336299951
Federica,Giordano,GRDFRC53S59G224A,1953-11-19,federica.giordano@yahoo.it,3667134489
Serena,Donati,DNTSRN58D50G224Z,1958-04-10,serena.donati@fastwebnet.it,3499116148
Sara,Lombardi,LMBSRA70S62H199P,1970-11-22,sara.lombardi@libero.it,3463714471
Federico,Grassi,GRSFRC75T08B354G,1975-12-08,federico.grassi@fastwebnet.it,3881873301
Nicola,Bernasconi,BRNNCL40H22B354R,1940-06-22,nicola.bernasconi@libero.it,3272075091
Caterina,Marini,MRNCRN47C47F257W,1947-03-07,caterina.marini@icloud.com,3485806156
Davide,Bernasconi,BRNDVD84E08L424F,1984-05-08,davide.bernasconi@fastwebnet.it,3709565571
Alessandro,Vitali,VTLLSN43C27L736V,1943-03-27,alessandro.vitali@email.it,3426924499
Elisa,Baresi,BRSLSE57T60L049E,1957-12-20,e.baresi@gmail.com,3896840069
Ginevra,De Angelis,DNGGVR60D60F257Z,1960-04-20,,3467777264
Edoardo,Caruso,CRSDRD76L10L049K,1976-07-10,edoardo.caruso@gmail.com,3289611521
Arianna,Ruggiero,RGGRNN91L70A662J,1991-07-30,arianna.ruggiero@icloud.com,3398698199
Federica,Baresi,BRSFRC42H55B157J,1942-06-15,federica.baresi@gmail.com,3804857587
Beatrice,Sanna,SNNBRC86E43G999C,1986-05-03,beatrice.sanna@yahoo.it,3426737688
Davide,Fiore,FRIDVD68B27L736X,1968-02-27,davide.fiore@tiscali.it,3339371819
Simone,Zanetti,ZNTSMN61P18H294M,1961-09-18,simone.zanetti@outlook.it,3403617171
Paolo,De Luca,DLCPLA00M18H223Y,2000-08-18,paolo.deluca@email.it,3477227644
Greta,Lombardi,LMBGRT64M64B157U,1964-08-24,greta.lombardi@fastwebnet.it,3663151610
Attilio,De Santis,DSNTTL88L06F205C,1988-07-06,attilio.desantis@icloud.com,3289694039
Valentina,Sartori,SRTVNT40R42H501T,1940-10-02,valentina.sartori@icloud.com,3405357055
Edoardo,Vitale,VTLDRD64C02B157V,1964-03-02,,3397139188
Dario,Carbone,CRBDRA58S20G224N,1958-11-20,dario.carbone@tim.it,3464018040
Luca,Costa,CSTLCU04M31A662V,2004-08-31,luca.costa@fastwebnet.it,3293509000
Elisabetta,Bianchi,BNCLBT55S45G224N,1955-11-05,elisabetta.bianchi@fastwebnet.it,3385210645
Valerio,Costa,CSTVLR01T13D969Y,2001-12-13,valerio.costa@yahoo.it,3466614605
Federica,Monti,MNTFRC90D49G999O,1990-04-09,,3356773715
Raffaele,Lombardo,LMBRFL71L01H294F,1971-07-01,raffaele.lombardo@tiscali.it,3773928275
Alessia,Romano,RMNLSS00E64L049N,2000-05-24,alessia.romano@virgilio.it,3388780468
Alessandro,Bernasconi,BRNLSN70D08G224I,1970-04-08,alessandro.bernasconi@tiscali.it,3316765079
Claudio,Guerra,GRRCLD98M01C351G,1998-08-01,claudio.guerra@tiscali.it,3467092894
Beatrice,Rinaldi,RNLBRC56H70H294G,1956-06-30,beatrice.rinaldi@outlook.it,3892343263
Alessandro,Donati,DNTLSN49C29L219Y,1949-03-29,alessandro.donati@virgilio.it,3429790972
Domenico,Marchetti,MRCDNC95H14G273N,1995-06-14,domenico.marchetti@icloud.com,3895767670
Irene,Moretti,MRTRNI51R51L049C,1951-10-11,irene.moretti@email.it,3398988550
Nicole,Pellegrino,PLLNCL64H49G999J,1964-06-09,nicole.pellegrino@fastwebnet.it,3468297709
